"album_uri","album_name","album_img","album_release_date","album_release_year","album_popularity","track_name","track_uri","danceability","energy","key","loudness","mode","speechiness","acousticness","instrumentalness","liveness","valence","tempo","duration_ms","time_signature","key_mode","track_popularity"
"3KzAvEXcqJKBF97HrXwlgf","Please Please Me (Remastered)","https://i.scdn.co/image/215742dc3f7ec9ca88445d5549975a6998e8376c","1963-03-22",1963,72,"I Saw Her Standing There - Remastered 2009","3KiexfmhxHvG5IgAElmTkd",0.491,0.801,"E",-9.835,"major",0.0361,0.27,0,0.0665,0.971,160.109,173947,4,"E major",70
"3KzAvEXcqJKBF97HrXwlgf","Please Please Me (Remastered)","https://i.scdn.co/image/215742dc3f7ec9ca88445d5549975a6998e8376c","1963-03-22",1963,72,"Misery - Remastered 2009","40qXGg5nRbcWzcFb26KWkQ",0.591,0.605,"C",-10.925,"major",0.0413,0.707,0,0.309,0.882,133.348,108547,4,"C major",51
"3KzAvEXcqJKBF97HrXwlgf","Please Please Me (Remastered)","https://i.scdn.co/image/215742dc3f7ec9ca88445d5549975a6998e8376c","1963-03-22",1963,72,"Anna (Go To Him) - Remastered 2009","2baEFuU0gQon0hgVRioI1o",0.608,0.565,"D",-11.06,"major",0.0336,0.635,0,0.0601,0.835,109.286,177133,4,"D major",59
"3KzAvEXcqJKBF97HrXwlgf","Please Please Me (Remastered)","https://i.scdn.co/image/215742dc3f7ec9ca88445d5549975a6998e8376c","1963-03-22",1963,72,"Chains - Remastered 2009","3JQWLa88R35d971o5bIImd",0.654,0.561,"A#",-10.551,"major",0.0304,0.608,0,0.129,0.929,129.884,145080,4,"A# major",48
"3KzAvEXcqJKBF97HrXwlgf","Please Please Me (Remastered)","https://i.scdn.co/image/215742dc3f7ec9ca88445d5549975a6998e8376c","1963-03-22",1963,72,"Boys - Remastered 2009","7JxGM1R32ZqfwZou3VtnTg",0.402,0.86,"E",-10.31,"major",0.0504,0.607,0,0.736,0.822,142.445,146440,4,"E major",49
"3KzAvEXcqJKBF97HrXwlgf","Please Please Me (Remastered)","https://i.scdn.co/image/215742dc3f7ec9ca88445d5549975a6998e8376c","1963-03-22",1963,72,"Ask Me Why - Remastered 2009","7529Z6b1rlGZFFPWjHPeV5",0.605,0.394,"E",-11.33,"major",0.0378,0.767,0,0.0967,0.597,133.942,146533,4,"E major",50
"3KzAvEXcqJKBF97HrXwlgf","Please Please Me (Remastered)","https://i.scdn.co/image/215742dc3f7ec9ca88445d5549975a6998e8376c","1963-03-22",1963,72,"Please Please Me - Remastered 2009","6EHuOufBeL6vk3TvVJB5qo",0.527,0.48,"E",-9.61,"major",0.028,0.334,0,0.0702,0.706,139.388,120853,4,"E major",60
"3KzAvEXcqJKBF97HrXwlgf","Please Please Me (Remastered)","https://i.scdn.co/image/215742dc3f7ec9ca88445d5549975a6998e8376c","1963-03-22",1963,72,"Love Me Do - Remastered 2009","3VbGCXWRiouAq8VyMYN2MI",0.52,0.829,"C",-6.228,"major",0.0806,0.386,6.2e-05,0.227,0.744,147.997,141693,4,"C major",68
"3KzAvEXcqJKBF97HrXwlgf","Please Please Me (Remastered)","https://i.scdn.co/image/215742dc3f7ec9ca88445d5549975a6998e8376c","1963-03-22",1963,72,"P.S. I Love You - Remastered 2009","7Msq9qojB7yORuJvz49iUy",0.635,0.656,"D",-8.5,"major",0.0291,0.389,0.00127,0.0828,0.77,134.435,124360,4,"D major",50
"3KzAvEXcqJKBF97HrXwlgf","Please Please Me (Remastered)","https://i.scdn.co/image/215742dc3f7ec9ca88445d5549975a6998e8376c","1963-03-22",1963,72,"Baby It's You - Remastered 2009","2VmB1rF9FtfKUmFHDVnq8Q",0.608,0.494,"E",-12.211,"minor",0.0345,0.778,0,0.0926,0.879,112.421,160520,4,"E minor",58
"3KzAvEXcqJKBF97HrXwlgf","Please Please Me (Remastered)","https://i.scdn.co/image/215742dc3f7ec9ca88445d5549975a6998e8376c","1963-03-22",1963,72,"Do You Want To Know A Secret - Remastered 2009","7Aobt67JnaF7qN8jCCKvHq",0.673,0.349,"E",-12.414,"major",0.0368,0.608,0,0.38,0.609,124.451,117013,4,"E major",60
"3KzAvEXcqJKBF97HrXwlgf","Please Please Me (Remastered)","https://i.scdn.co/image/215742dc3f7ec9ca88445d5549975a6998e8376c","1963-03-22",1963,72,"A Taste Of Honey - Remastered 2009","7fh53ta3vAOGJMQ4i5tCHe",0.42,0.372,"C#",-11.416,"minor",0.0327,0.698,0,0.104,0.412,101.408,123480,3,"C# minor",48
"3KzAvEXcqJKBF97HrXwlgf","Please Please Me (Remastered)","https://i.scdn.co/image/215742dc3f7ec9ca88445d5549975a6998e8376c","1963-03-22",1963,72,"There's A Place - Remastered 2009","4dessGxnKXmTbHPhVgqODq",0.455,0.582,"E",-10.009,"major",0.0292,0.629,4.22e-06,0.172,0.927,140.928,110493,4,"E major",48
"3KzAvEXcqJKBF97HrXwlgf","Please Please Me (Remastered)","https://i.scdn.co/image/215742dc3f7ec9ca88445d5549975a6998e8376c","1963-03-22",1963,72,"Twist And Shout - Remastered 2009","5ZBeML7Lf3FMEVviTyvi8l",0.482,0.849,"D",-9.198,"major",0.0452,0.641,7.74e-06,0.0414,0.937,124.631,155227,4,"D major",75
"1aYdiJk6XKeHWGO3FzHHTr","With The Beatles (Remastered)","https://i.scdn.co/image/c43bdd308858824e5161141c982f493ecb007212","1963-11-22",1963,65,"It Won't Be Long - Remastered 2009","4ekUX4pWizXXksJe0JfS9U",0.472,0.673,"E",-8.853,"major",0.0318,0.284,0,0.206,0.862,133.117,133387,4,"E major",58
"1aYdiJk6XKeHWGO3FzHHTr","With The Beatles (Remastered)","https://i.scdn.co/image/c43bdd308858824e5161141c982f493ecb007212","1963-11-22",1963,65,"All I've Got To Do - Remastered 2009","5tztLBvTlNC15Np2tnQ5Ll",0.49,0.579,"C#",-10.301,"minor",0.0344,0.217,0,0.0644,0.879,119.403,122573,4,"C# minor",57
"1aYdiJk6XKeHWGO3FzHHTr","With The Beatles (Remastered)","https://i.scdn.co/image/c43bdd308858824e5161141c982f493ecb007212","1963-11-22",1963,65,"All My Loving - Remastered 2009","4joiWvli4qJVEW6qZV2i2J",0.416,0.563,"C#",-8.724,"minor",0.0298,0.207,0,0.343,0.9,77.56,127853,4,"C# minor",64
"1aYdiJk6XKeHWGO3FzHHTr","With The Beatles (Remastered)","https://i.scdn.co/image/c43bdd308858824e5161141c982f493ecb007212","1963-11-22",1963,65,"Don't Bother Me - Remastered 2009","7y1hMqXNa0dKQLZH7CKbUG",0.371,0.724,"D",-9.792,"major",0.0562,0.554,0,0.299,0.916,170.377,148253,4,"D major",56
"1aYdiJk6XKeHWGO3FzHHTr","With The Beatles (Remastered)","https://i.scdn.co/image/c43bdd308858824e5161141c982f493ecb007212","1963-11-22",1963,65,"Little Child - Remastered 2009","0KogQrSowDnZoU8GSpaxkj",0.526,0.858,"A",-8.533,"major",0.0476,0.292,0.001,0.353,0.886,75.596,106400,4,"A major",44
"1aYdiJk6XKeHWGO3FzHHTr","With The Beatles (Remastered)","https://i.scdn.co/image/c43bdd308858824e5161141c982f493ecb007212","1963-11-22",1963,65,"Till There Was You - Remastered 2009","0ESIjVxnDnCDaTPo6sStHm",0.727,0.338,"F",-13.887,"major",0.0454,0.79,0,0.105,0.646,122.421,133507,4,"F major",63
"1aYdiJk6XKeHWGO3FzHHTr","With The Beatles (Remastered)","https://i.scdn.co/image/c43bdd308858824e5161141c982f493ecb007212","1963-11-22",1963,65,"Please Mister Postman - Remastered 2009","6wfK1R6FoLpmUA9lk5ll4T",0.552,0.644,"A",-9.129,"major",0.0372,0.675,0,0.36,0.961,122.546,154160,4,"A major",53
"1aYdiJk6XKeHWGO3FzHHTr","With The Beatles (Remastered)","https://i.scdn.co/image/c43bdd308858824e5161141c982f493ecb007212","1963-11-22",1963,65,"Roll Over Beethoven - Remastered 2009","3idqWaBn3mRdsIodCU6uBi",0.351,0.749,"D",-9.435,"major",0.0628,0.289,0,0.0952,0.967,160.673,165467,4,"D major",58
"1aYdiJk6XKeHWGO3FzHHTr","With The Beatles (Remastered)","https://i.scdn.co/image/c43bdd308858824e5161141c982f493ecb007212","1963-11-22",1963,65,"Hold Me Tight - Remastered 2009","2RvKsA6Ho7VbJkVFiD4UQF",0.54,0.744,"F",-9.637,"major",0.0312,0.664,0,0.21,0.963,135.731,151907,4,"F major",49
"1aYdiJk6XKeHWGO3FzHHTr","With The Beatles (Remastered)","https://i.scdn.co/image/c43bdd308858824e5161141c982f493ecb007212","1963-11-22",1963,65,"You Really Got A Hold On Me - Remastered 2009","7rgUYidQh5tH0YlXCoKaYJ",0.373,0.388,"A",-9.31,"major",0.0337,0.525,0,0.267,0.687,77.643,181347,4,"A major",59
"1aYdiJk6XKeHWGO3FzHHTr","With The Beatles (Remastered)","https://i.scdn.co/image/c43bdd308858824e5161141c982f493ecb007212","1963-11-22",1963,65,"I Wanna Be Your Man - Remastered 2009","0sIZcoe69iSym9AecvZ7CT",0.553,0.914,"A",-8.232,"major",0.0415,0.477,0,0.292,0.683,99.138,119507,4,"A major",48
"1aYdiJk6XKeHWGO3FzHHTr","With The Beatles (Remastered)","https://i.scdn.co/image/c43bdd308858824e5161141c982f493ecb007212","1963-11-22",1963,65,"Devil In Her Heart - Remastered 2009","5maTh4fY9SlgR3FhRkf040",0.618,0.622,"G",-8.861,"major",0.0296,0.227,0,0.0438,0.966,121.072,146213,4,"G major",47
"1aYdiJk6XKeHWGO3FzHHTr","With The Beatles (Remastered)","https://i.scdn.co/image/c43bdd308858824e5161141c982f493ecb007212","1963-11-22",1963,65,"Not A Second Time - Remastered 2009","5vl0sRtrQM1BTSAxQZFqEN",0.471,0.817,"G",-9.999,"major",0.0372,0.213,0,0.498,0.961,124.848,126827,4,"G major",46
"1aYdiJk6XKeHWGO3FzHHTr","With The Beatles (Remastered)","https://i.scdn.co/image/c43bdd308858824e5161141c982f493ecb007212","1963-11-22",1963,65,"Money (That's What I Want) - Remastered 2009","3zw4FTrVNfy2teEkV9FOvh",0.545,0.853,"B",-8.369,"minor",0.0394,0.425,0,0.266,0.923,128.816,169507,1,"B minor",49
"6wCttLq0ADzkPgtRnUihLV","A Hard Days Night (Remastered)","https://i.scdn.co/image/caf7bfb0e38cc21f2cfb0894464c8b92cf3dcfa8","1964-07-10",1964,68,"A Hard Day's Night - Remastered 2009","5J2CHimS7dWYMImCHkEFaJ",0.59,0.805,"C",-6.481,"major",0.0371,0.137,0,0.0996,0.797,138.514,154200,4,"C major",69
"6wCttLq0ADzkPgtRnUihLV","A Hard Days Night (Remastered)","https://i.scdn.co/image/caf7bfb0e38cc21f2cfb0894464c8b92cf3dcfa8","1964-07-10",1964,68,"I Should Have Known Better - Remastered 2009","3pU1CUgPiFfxPCpscwIwQR",0.682,0.444,"G",-7.689,"major",0.0289,0.257,0,0.115,0.91,130.704,163080,4,"G major",62
"6wCttLq0ADzkPgtRnUihLV","A Hard Days Night (Remastered)","https://i.scdn.co/image/caf7bfb0e38cc21f2cfb0894464c8b92cf3dcfa8","1964-07-10",1964,68,"If I Fell - Remastered 2009","1hgvykolO4kBIEozATmpyj",0.665,0.31,"D",-8.928,"major",0.0278,0.68,0,0.0877,0.568,108.211,139467,4,"D major",62
"6wCttLq0ADzkPgtRnUihLV","A Hard Days Night (Remastered)","https://i.scdn.co/image/caf7bfb0e38cc21f2cfb0894464c8b92cf3dcfa8","1964-07-10",1964,68,"I'm Happy Just To Dance With You - Remastered 2009","0gd50I2gKioJ59C827EdAY",0.658,0.537,"F#",-7.535,"minor",0.0307,0.138,0,0.0572,0.887,132.115,116373,4,"F# minor",58
"6wCttLq0ADzkPgtRnUihLV","A Hard Days Night (Remastered)","https://i.scdn.co/image/caf7bfb0e38cc21f2cfb0894464c8b92cf3dcfa8","1964-07-10",1964,68,"And I Love Her - Remastered 2009","65vdMBskhx3akkG9vQlSH1",0.767,0.331,"C#",-10.777,"minor",0.0337,0.64,0,0.0681,0.636,113.312,149693,4,"C# minor",66
"6wCttLq0ADzkPgtRnUihLV","A Hard Days Night (Remastered)","https://i.scdn.co/image/caf7bfb0e38cc21f2cfb0894464c8b92cf3dcfa8","1964-07-10",1964,68,"Tell Me Why - Remastered 2009","0Wzp5pWPoX0YoBg002HXL9",0.267,0.688,"B",-6.309,"minor",0.0388,0.586,0,0.307,0.797,150.942,128693,3,"B minor",49
"6wCttLq0ADzkPgtRnUihLV","A Hard Days Night (Remastered)","https://i.scdn.co/image/caf7bfb0e38cc21f2cfb0894464c8b92cf3dcfa8","1964-07-10",1964,68,"Can't Buy Me Love - Remastered 2009","3SdingSsFcZDZAyvcJbgAw",0.483,0.677,"C",-5.91,"major",0.0593,0.283,0,0.321,0.842,170.72,131867,4,"C major",64
"6wCttLq0ADzkPgtRnUihLV","A Hard Days Night (Remastered)","https://i.scdn.co/image/caf7bfb0e38cc21f2cfb0894464c8b92cf3dcfa8","1964-07-10",1964,68,"Any Time At All - Remastered 2009","70XHAdaMaoLIOVb1hSaeJ4",0.612,0.719,"D",-7.026,"major",0.0398,0.366,3.88e-06,0.437,0.744,141.016,131280,4,"D major",49
"6wCttLq0ADzkPgtRnUihLV","A Hard Days Night (Remastered)","https://i.scdn.co/image/caf7bfb0e38cc21f2cfb0894464c8b92cf3dcfa8","1964-07-10",1964,68,"I'll Cry Instead - Remastered 2009","01xMiErR26kH1KCif6uEYI",0.643,0.73,"G",-6.859,"major",0.0347,0.0917,0,0.253,0.96,96.711,105987,4,"G major",46
"6wCttLq0ADzkPgtRnUihLV","A Hard Days Night (Remastered)","https://i.scdn.co/image/caf7bfb0e38cc21f2cfb0894464c8b92cf3dcfa8","1964-07-10",1964,68,"Things We Said Today - Remastered 2009","0voUr8lubIafUVJlauJxYF",0.551,0.575,"D",-8.208,"minor",0.0332,0.239,0,0.112,0.516,137.054,155333,4,"D minor",58
"6wCttLq0ADzkPgtRnUihLV","A Hard Days Night (Remastered)","https://i.scdn.co/image/caf7bfb0e38cc21f2cfb0894464c8b92cf3dcfa8","1964-07-10",1964,68,"When I Get Home - Remastered 2009","4oLQ0imA5IDtNUnhFKY87q",0.568,0.793,"A",-6.201,"minor",0.0482,0.384,0,0.388,0.64,125.375,136640,4,"A minor",45
"6wCttLq0ADzkPgtRnUihLV","A Hard Days Night (Remastered)","https://i.scdn.co/image/caf7bfb0e38cc21f2cfb0894464c8b92cf3dcfa8","1964-07-10",1964,68,"You Can't Do That - Remastered 2009","5b9G4dtK3Tdguuy9BO3Nwo",0.612,0.788,"C",-6.251,"major",0.0335,0.367,0,0.382,0.961,129.161,154893,4,"C major",48
"6wCttLq0ADzkPgtRnUihLV","A Hard Days Night (Remastered)","https://i.scdn.co/image/caf7bfb0e38cc21f2cfb0894464c8b92cf3dcfa8","1964-07-10",1964,68,"I'll Be Back - Remastered 2009","3lSi6qfnp2YZazTzcOLBZk",0.721,0.527,"A",-7.224,"major",0.0293,0.744,0,0.186,0.641,123.902,144187,4,"A major",50
"1vANZV20H5B4Fk6yf7Ot9a","Beatles For Sale (Remastered)","https://i.scdn.co/image/7302b5d078763a9622ee25375d1643faf4737e64","1964-12-04",1964,62,"No Reply - Remastered 2009","4ltC6PrqkTtpcRNi5lvS4z",0.718,0.593,"C",-9.976,"major",0.0377,0.67,0,0.172,0.869,124.251,136067,4,"C major",58
"1vANZV20H5B4Fk6yf7Ot9a","Beatles For Sale (Remastered)","https://i.scdn.co/image/7302b5d078763a9622ee25375d1643faf4737e64","1964-12-04",1964,62,"I'm A Loser - Remastered 2009","7wC4EW11mBVxDK3xdC7FTf",0.492,0.628,"G",-7.813,"major",0.0439,0.567,1.07e-06,0.267,0.856,89.877,150027,4,"G major",48
"1vANZV20H5B4Fk6yf7Ot9a","Beatles For Sale (Remastered)","https://i.scdn.co/image/7302b5d078763a9622ee25375d1643faf4737e64","1964-12-04",1964,62,"Baby's In Black - Remastered 2009","7cb2SdLm1UMLwdUoWwrZN1",0.374,0.596,"A",-7.666,"major",0.0416,0.434,0,0.098,0.876,202.97,124520,3,"A major",46
"1vANZV20H5B4Fk6yf7Ot9a","Beatles For Sale (Remastered)","https://i.scdn.co/image/7302b5d078763a9622ee25375d1643faf4737e64","1964-12-04",1964,62,"Rock And Roll Music - Remastered 2009","7Ho3T7ERfooiAfvODaMQ2N",0.457,0.917,"A",-6.213,"major",0.0441,0.566,0,0.333,0.965,167.092,151280,4,"A major",51
"1vANZV20H5B4Fk6yf7Ot9a","Beatles For Sale (Remastered)","https://i.scdn.co/image/7302b5d078763a9622ee25375d1643faf4737e64","1964-12-04",1964,62,"I'll Follow The Sun - Remastered 2009","45WX2cfbL8bCIqv3rOq1G3",0.689,0.313,"C",-10.073,"major",0.0366,0.789,0,0.144,0.625,133.754,108853,4,"C major",59
"1vANZV20H5B4Fk6yf7Ot9a","Beatles For Sale (Remastered)","https://i.scdn.co/image/7302b5d078763a9622ee25375d1643faf4737e64","1964-12-04",1964,62,"Mr Moonlight - Remastered 2009","6pPOkr2OxhQ6htrzOiDmq9",0.631,0.424,"F#",-9.106,"major",0.0438,0.796,0.000143,0.118,0.589,126.127,158627,5,"F# major",45
"1vANZV20H5B4Fk6yf7Ot9a","Beatles For Sale (Remastered)","https://i.scdn.co/image/7302b5d078763a9622ee25375d1643faf4737e64","1964-12-04",1964,62,"Kansas City / Hey-Hey-Hey-Hey - Medley / Remastered 2009","5xf0zdP4KCfshyVn02D3Ea",0.588,0.724,"G",-6.63,"major",0.0335,0.614,8.92e-05,0.877,0.924,131.36,158147,4,"G major",45
"1vANZV20H5B4Fk6yf7Ot9a","Beatles For Sale (Remastered)","https://i.scdn.co/image/7302b5d078763a9622ee25375d1643faf4737e64","1964-12-04",1964,62,"Eight Days A Week - Remastered 2009","1Dg4dFJr3HW7sbA7vPejre",0.652,0.583,"A",-7.811,"major",0.038,0.412,0,0.119,0.744,138.134,163600,4,"A major",64
"1vANZV20H5B4Fk6yf7Ot9a","Beatles For Sale (Remastered)","https://i.scdn.co/image/7302b5d078763a9622ee25375d1643faf4737e64","1964-12-04",1964,62,"Words Of Love - Remastered 2009","42qkSeX6HNJYHxlk6cWoFe",0.551,0.533,"A",-9.8,"major",0.0297,0.323,0.722,0.173,0.85,122.358,124320,4,"A major",48
"1vANZV20H5B4Fk6yf7Ot9a","Beatles For Sale (Remastered)","https://i.scdn.co/image/7302b5d078763a9622ee25375d1643faf4737e64","1964-12-04",1964,62,"Honey Don't - Remastered 2009","2d7GP7Fz1NrfPpo7MzWZgb",0.629,0.545,"E",-11.466,"major",0.0348,0.473,5.08e-05,0.0854,0.735,162.438,177427,4,"E major",44
"1vANZV20H5B4Fk6yf7Ot9a","Beatles For Sale (Remastered)","https://i.scdn.co/image/7302b5d078763a9622ee25375d1643faf4737e64","1964-12-04",1964,62,"Every Little Thing - Remastered 2009","2CxTkdvhDuQrOxl8xXkdJS",0.74,0.49,"D",-9.095,"major",0.038,0.488,0,0.103,0.678,123.227,123800,4,"D major",46
"1vANZV20H5B4Fk6yf7Ot9a","Beatles For Sale (Remastered)","https://i.scdn.co/image/7302b5d078763a9622ee25375d1643faf4737e64","1964-12-04",1964,62,"I Don't Want To Spoil The Party - Remastered 2009","3kQDIa85ZK8cKVn72NfBnl",0.533,0.668,"G",-7.237,"major",0.033,0.451,0,0.149,0.889,95.438,154467,4,"G major",44
"1vANZV20H5B4Fk6yf7Ot9a","Beatles For Sale (Remastered)","https://i.scdn.co/image/7302b5d078763a9622ee25375d1643faf4737e64","1964-12-04",1964,62,"What You're Doing - Remastered 2009","6C6y4OWK1Ki3FVF1TIonxW",0.695,0.53,"D",-8.309,"major",0.0403,0.301,2e-06,0.0583,0.825,129.506,150040,4,"D major",45
"1vANZV20H5B4Fk6yf7Ot9a","Beatles For Sale (Remastered)","https://i.scdn.co/image/7302b5d078763a9622ee25375d1643faf4737e64","1964-12-04",1964,62,"Everybody's Trying To Be My Baby - Remastered 2009","4DZAH8eiqSAkMIE9l5D71U",0.543,0.806,"E",-7.231,"major",0.0385,0.466,0,0.134,0.943,85.172,146000,4,"E major",45
"0PT5m6hwPRrpBwIHVnvbFX","Help! (Remastered)","https://i.scdn.co/image/100f7cc6ac8521ac70329e29bc8ccd8503e2bc8b","1965-08-06",1965,72,"Help! - Remastered 2009","7DD7eSuYSC5xk2ArU62esN",0.534,0.725,"F#",-7.576,"minor",0.0332,0.188,0,0.0994,0.763,95.003,139560,4,"F# minor",71
"0PT5m6hwPRrpBwIHVnvbFX","Help! (Remastered)","https://i.scdn.co/image/100f7cc6ac8521ac70329e29bc8ccd8503e2bc8b","1965-08-06",1965,72,"The Night Before - Remastered 2009","5xcfepnz1v7a83T8An9gjw",0.461,0.762,"D",-6.727,"major",0.0379,0.0537,0,0.238,0.632,84.496,154933,4,"D major",58
"0PT5m6hwPRrpBwIHVnvbFX","Help! (Remastered)","https://i.scdn.co/image/100f7cc6ac8521ac70329e29bc8ccd8503e2bc8b","1965-08-06",1965,72,"You've Got To Hide Your Love Away - Remastered 2009","4F1AgKpuFRMLEgtPETVwZk",0.398,0.392,"G",-9.05,"major",0.0282,0.207,0,0.102,0.378,184.267,129120,3,"G major",64
"0PT5m6hwPRrpBwIHVnvbFX","Help! (Remastered)","https://i.scdn.co/image/100f7cc6ac8521ac70329e29bc8ccd8503e2bc8b","1965-08-06",1965,72,"I Need You - Remastered 2009","5EzvwjFwdP5Kfl5AZAemzu",0.601,0.489,"A",-8.554,"major",0.0455,0.277,0,0.0988,0.638,136.215,148787,4,"A major",53
"0PT5m6hwPRrpBwIHVnvbFX","Help! (Remastered)","https://i.scdn.co/image/100f7cc6ac8521ac70329e29bc8ccd8503e2bc8b","1965-08-06",1965,72,"Another Girl - Remastered 2009","7hefVXaGsFPesbK6fKwS6F",0.516,0.638,"A",-7.453,"major",0.0314,0.238,0,0.333,0.822,88.657,125360,4,"A major",49
"0PT5m6hwPRrpBwIHVnvbFX","Help! (Remastered)","https://i.scdn.co/image/100f7cc6ac8521ac70329e29bc8ccd8503e2bc8b","1965-08-06",1965,72,"You're Going To Lose That Girl - Remastered 2009","70HNt0eoBVqr4ss68U8x3B",0.533,0.66,"E",-7.694,"major",0.0337,0.346,0,0.26,0.818,131.975,138667,4,"E major",60
"0PT5m6hwPRrpBwIHVnvbFX","Help! (Remastered)","https://i.scdn.co/image/100f7cc6ac8521ac70329e29bc8ccd8503e2bc8b","1965-08-06",1965,72,"Ticket To Ride - Remastered 2009","7CZiDzGVjUssMSOXrDNYHL",0.519,0.85,"A",-6.777,"major",0.0678,0.0457,0,0.233,0.749,123.419,189680,4,"A major",65
"0PT5m6hwPRrpBwIHVnvbFX","Help! (Remastered)","https://i.scdn.co/image/100f7cc6ac8521ac70329e29bc8ccd8503e2bc8b","1965-08-06",1965,72,"Act Naturally - Remastered 2009","0IxxqsYBcCHEQ1HqLYJnwx",0.702,0.447,"G",-10.122,"major",0.0308,0.366,0,0.153,0.944,93.02,150373,4,"G major",48
"0PT5m6hwPRrpBwIHVnvbFX","Help! (Remastered)","https://i.scdn.co/image/100f7cc6ac8521ac70329e29bc8ccd8503e2bc8b","1965-08-06",1965,72,"It's Only Love - Remastered 2009","2ue1KRstSKHF8jQkIJZiNC",0.629,0.551,"C",-8.281,"major",0.0256,0.22,0,0.0432,0.685,113.155,116480,3,"C major",51
"0PT5m6hwPRrpBwIHVnvbFX","Help! (Remastered)","https://i.scdn.co/image/100f7cc6ac8521ac70329e29bc8ccd8503e2bc8b","1965-08-06",1965,72,"You Like Me Too Much - Remastered 2009","0y1LLH0NiwOD5tM3aNMXTr",0.555,0.57,"G",-7.869,"major",0.0302,0.415,0,0.191,0.899,88.316,156867,4,"G major",48
"0PT5m6hwPRrpBwIHVnvbFX","Help! (Remastered)","https://i.scdn.co/image/100f7cc6ac8521ac70329e29bc8ccd8503e2bc8b","1965-08-06",1965,72,"Tell Me What You See - Remastered 2009","2jnr9KaaMAmvk0zMcM9UzV",0.592,0.796,"G",-8.125,"major",0.0429,0.061,0,0.131,0.7,136.675,157987,4,"G major",47
"0PT5m6hwPRrpBwIHVnvbFX","Help! (Remastered)","https://i.scdn.co/image/100f7cc6ac8521ac70329e29bc8ccd8503e2bc8b","1965-08-06",1965,72,"I've Just Seen A Face - Remastered 2009","788U1Sqej9M6c4iikuDGxO",0.647,0.56,"A",-8.809,"major",0.0387,0.723,0,0.118,0.913,120.418,125040,3,"A major",62
"0PT5m6hwPRrpBwIHVnvbFX","Help! (Remastered)","https://i.scdn.co/image/100f7cc6ac8521ac70329e29bc8ccd8503e2bc8b","1965-08-06",1965,72,"Yesterday - Remastered 2009","3BQHpFgAp4l80e1XslIjNI",0.332,0.179,"F",-11.83,"major",0.0326,0.879,0,0.0886,0.315,96.529,125667,4,"F major",75
"0PT5m6hwPRrpBwIHVnvbFX","Help! (Remastered)","https://i.scdn.co/image/100f7cc6ac8521ac70329e29bc8ccd8503e2bc8b","1965-08-06",1965,72,"Dizzy Miss Lizzy - Remastered 2009","70Dohn82wv6VtxGesqRzbZ",0.373,0.934,"A",-6.753,"major",0.0591,0.116,0.00445,0.0962,0.918,136.037,176507,4,"A major",48
"50o7kf2wLwVmOTVYJOTplm","Rubber Soul (Remastered)","https://i.scdn.co/image/7d08dd869485a4d7f9b31050202fd5dab497c2be","1965-12-03",1965,71,"Drive My Car - Remastered 2009","06ypiqmILMdVeaiErMFA91",0.754,0.571,"D",-8.547,"major",0.0421,0.0173,0,0.3,0.82,122.463,148893,4,"D major",65
"50o7kf2wLwVmOTVYJOTplm","Rubber Soul (Remastered)","https://i.scdn.co/image/7d08dd869485a4d7f9b31050202fd5dab497c2be","1965-12-03",1965,71,"Norwegian Wood (This Bird Has Flown) - Remastered 2009","1H7gMYGykdtwZOV6s1N0by",0.425,0.369,"E",-11.876,"major",0.0379,0.183,0.00126,0.112,0.65,176.625,124693,3,"E major",68
"50o7kf2wLwVmOTVYJOTplm","Rubber Soul (Remastered)","https://i.scdn.co/image/7d08dd869485a4d7f9b31050202fd5dab497c2be","1965-12-03",1965,71,"You Won't See Me - Remastered 2009","4LLBKnNCrSRrSjSTuiwjE9",0.488,0.539,"A",-8.752,"major",0.0304,0.136,0,0.0538,0.473,115.941,199960,4,"A major",59
"50o7kf2wLwVmOTVYJOTplm","Rubber Soul (Remastered)","https://i.scdn.co/image/7d08dd869485a4d7f9b31050202fd5dab497c2be","1965-12-03",1965,71,"Nowhere Man - Remastered 2009","5SUlhldQJtOhUr2GzH5RI7",0.534,0.624,"E",-9.589,"major",0.0462,0.00797,0,0.128,0.687,121.402,163693,4,"E major",62
"50o7kf2wLwVmOTVYJOTplm","Rubber Soul (Remastered)","https://i.scdn.co/image/7d08dd869485a4d7f9b31050202fd5dab497c2be","1965-12-03",1965,71,"Think For Yourself - Remastered 2009","64bKVrkaXQAKx04dLHqCNz",0.529,0.567,"C",-9.796,"major",0.0282,0.0124,0,0.0729,0.799,130.544,138520,4,"C major",52
"50o7kf2wLwVmOTVYJOTplm","Rubber Soul (Remastered)","https://i.scdn.co/image/7d08dd869485a4d7f9b31050202fd5dab497c2be","1965-12-03",1965,71,"The Word - Remastered 2009","4GBaPHvAyj4V2jeobD9tsy",0.59,0.641,"C",-9.687,"major",0.0416,0.00682,0,0.0553,0.792,120.773,163107,4,"C major",52
"50o7kf2wLwVmOTVYJOTplm","Rubber Soul (Remastered)","https://i.scdn.co/image/7d08dd869485a4d7f9b31050202fd5dab497c2be","1965-12-03",1965,71,"Michelle - Remastered 2009","5By7Pzgl6TMuVJG168VWzS",0.578,0.29,"F",-12.501,"minor",0.0341,0.652,0,0.105,0.666,117.403,162373,4,"F minor",66
"50o7kf2wLwVmOTVYJOTplm","Rubber Soul (Remastered)","https://i.scdn.co/image/7d08dd869485a4d7f9b31050202fd5dab497c2be","1965-12-03",1965,71,"What Goes On - Remastered 2009","19QXdPRZFHI5kNK3tN8Mh7",0.67,0.776,"E",-10.035,"major",0.0749,0.0168,3.01e-06,0.0732,0.765,96.93,168573,4,"E major",51
"50o7kf2wLwVmOTVYJOTplm","Rubber Soul (Remastered)","https://i.scdn.co/image/7d08dd869485a4d7f9b31050202fd5dab497c2be","1965-12-03",1965,71,"Girl - Remastered 2009","6tQvjqDIK9GXWIC6mejms8",0.699,0.294,"F",-13.205,"minor",0.0294,0.587,0,0.117,0.893,96.615,151720,4,"F minor",62
"50o7kf2wLwVmOTVYJOTplm","Rubber Soul (Remastered)","https://i.scdn.co/image/7d08dd869485a4d7f9b31050202fd5dab497c2be","1965-12-03",1965,71,"I'm Looking Through You - Remastered 2009","5E3BVY66TEDexFutOO5GeS",0.667,0.498,"C#",-11.027,"major",0.0364,0.00772,0,0.0481,0.774,85.843,146387,4,"C# major",60
"50o7kf2wLwVmOTVYJOTplm","Rubber Soul (Remastered)","https://i.scdn.co/image/7d08dd869485a4d7f9b31050202fd5dab497c2be","1965-12-03",1965,71,"In My Life - Remastered 2009","3KfbEIOC7YIv90FIfNSZpo",0.688,0.435,"A",-11.359,"major",0.0323,0.449,0,0.113,0.435,103.239,146333,4,"A major",72
"50o7kf2wLwVmOTVYJOTplm","Rubber Soul (Remastered)","https://i.scdn.co/image/7d08dd869485a4d7f9b31050202fd5dab497c2be","1965-12-03",1965,71,"Wait - Remastered 2009","0CGbof9amBnsNlRhZ8IY2H",0.552,0.487,"F#",-10.574,"minor",0.04,0.0175,0,0.105,0.657,127.201,134720,4,"F# minor",52
"50o7kf2wLwVmOTVYJOTplm","Rubber Soul (Remastered)","https://i.scdn.co/image/7d08dd869485a4d7f9b31050202fd5dab497c2be","1965-12-03",1965,71,"If I Needed Someone - Remastered 2009","7C6hdDIz90Uf5YmdZnYbJJ",0.492,0.755,"A",-9.273,"major",0.0331,0.00748,0,0.102,0.796,127.387,142267,4,"A major",53
"50o7kf2wLwVmOTVYJOTplm","Rubber Soul (Remastered)","https://i.scdn.co/image/7d08dd869485a4d7f9b31050202fd5dab497c2be","1965-12-03",1965,71,"Run For Your Life - Remastered 2009","4gUYV3ktbaOeAK5KrXMWV5",0.563,0.705,"D",-9.232,"major",0.103,0.0103,0,0.0552,0.822,176.732,141093,4,"D major",58
"3PRoXYsngSwjEQWR5PsHWR","Revolver (Remastered)","https://i.scdn.co/image/af77b3742860d1d00509c22441bd65a470f74ada","1966-08-05",1966,69,"Taxman - Remastered 2009","4BRkPBUxOYffM2QXVlq7aC",0.469,0.596,"G",-8.348,"major",0.0749,0.0101,0,0.321,0.783,133.586,158853,4,"G major",60
"3PRoXYsngSwjEQWR5PsHWR","Revolver (Remastered)","https://i.scdn.co/image/af77b3742860d1d00509c22441bd65a470f74ada","1966-08-05",1966,69,"Eleanor Rigby - Remastered 2009","5GjPQ0eI7AgmOnADn1EO6Q",0.581,0.28,"E",-9.091,"minor",0.0381,0.936,1.56e-05,0.305,0.813,137.831,126533,4,"E minor",68
"3PRoXYsngSwjEQWR5PsHWR","Revolver (Remastered)","https://i.scdn.co/image/af77b3742860d1d00509c22441bd65a470f74ada","1966-08-05",1966,69,"I'm Only Sleeping - Remastered 2009","2ylCrFiBu98SC0vFfaCent",0.494,0.47,"G#",-9.599,"minor",0.0301,0.21,0,0.28,0.698,103.477,180320,4,"G# minor",61
"3PRoXYsngSwjEQWR5PsHWR","Revolver (Remastered)","https://i.scdn.co/image/af77b3742860d1d00509c22441bd65a470f74ada","1966-08-05",1966,69,"Love You To - Remastered 2009","4RdJFhfLQcezwN5LsXl4qP",0.391,0.593,"F",-8.999,"major",0.0413,0.7,0.000249,0.0829,0.707,123.986,179827,4,"F major",53
"3PRoXYsngSwjEQWR5PsHWR","Revolver (Remastered)","https://i.scdn.co/image/af77b3742860d1d00509c22441bd65a470f74ada","1966-08-05",1966,69,"Here, There And Everywhere - Remastered 2009","2B4Y9u4ERAFiMo13XPJyGP",0.29,0.247,"G",-12.125,"major",0.0383,0.921,0.00565,0.0917,0.36,165.361,144880,4,"G major",60
"3PRoXYsngSwjEQWR5PsHWR","Revolver (Remastered)","https://i.scdn.co/image/af77b3742860d1d00509c22441bd65a470f74ada","1966-08-05",1966,69,"Yellow Submarine - Remastered 2009","50xwQXPtfNZFKFeZ0XePWc",0.604,0.549,"C#",-9.873,"major",0.0389,0.531,0,0.438,0.696,111.398,158880,4,"C# major",65
"3PRoXYsngSwjEQWR5PsHWR","Revolver (Remastered)","https://i.scdn.co/image/af77b3742860d1d00509c22441bd65a470f74ada","1966-08-05",1966,69,"She Said She Said - Remastered 2009","3VSuWxZM6x6V3ig5nYtikL",0.329,0.678,"D#",-7.878,"major",0.0344,0.103,0.168,0.843,0.672,106.476,156040,4,"D# major",55
"3PRoXYsngSwjEQWR5PsHWR","Revolver (Remastered)","https://i.scdn.co/image/af77b3742860d1d00509c22441bd65a470f74ada","1966-08-05",1966,69,"Good Day Sunshine - Remastered 2009","7HTH1ppjkkOe7RLoBDKXYJ",0.77,0.496,"B",-8.45,"major",0.0468,0.719,0,0.123,0.571,117.331,129293,3,"B major",58
"3PRoXYsngSwjEQWR5PsHWR","Revolver (Remastered)","https://i.scdn.co/image/af77b3742860d1d00509c22441bd65a470f74ada","1966-08-05",1966,69,"And Your Bird Can Sing - Remastered 2009","4KRgqwb4kvBuTz1utbYxfb",0.555,0.65,"E",-6.936,"major",0.0282,0.0067,0.0491,0.236,0.966,132.59,120493,4,"E major",58
"3PRoXYsngSwjEQWR5PsHWR","Revolver (Remastered)","https://i.scdn.co/image/af77b3742860d1d00509c22441bd65a470f74ada","1966-08-05",1966,69,"For No One - Remastered 2009","1kDkaFlmkdEZiVUogaP9OZ",0.483,0.351,"C#",-10.487,"minor",0.0278,0.783,0,0.115,0.713,81.208,119813,4,"C# minor",62
"3PRoXYsngSwjEQWR5PsHWR","Revolver (Remastered)","https://i.scdn.co/image/af77b3742860d1d00509c22441bd65a470f74ada","1966-08-05",1966,69,"Doctor Robert - Remastered 2009","1ob06Ol8FMIPQgjpg7bMyk",0.394,0.64,"E",-8.992,"major",0.0488,0.164,0.139,0.153,0.574,164.626,134267,4,"E major",51
"3PRoXYsngSwjEQWR5PsHWR","Revolver (Remastered)","https://i.scdn.co/image/af77b3742860d1d00509c22441bd65a470f74ada","1966-08-05",1966,69,"I Want To Tell You - Remastered 2009","7orb0y6ySGdsYZywMoQtsD",0.493,0.525,"A",-9.289,"major",0.0315,0.182,4.4e-06,0.148,0.449,127.492,147973,4,"A major",51
"3PRoXYsngSwjEQWR5PsHWR","Revolver (Remastered)","https://i.scdn.co/image/af77b3742860d1d00509c22441bd65a470f74ada","1966-08-05",1966,69,"Got To Get You Into My Life - Remastered 2009","3tGhRLgcCP6SIZU3tbGl7l",0.521,0.524,"C",-6.136,"major",0.0302,0.42,9.27e-06,0.0838,0.711,136.679,149240,4,"C major",60
"3PRoXYsngSwjEQWR5PsHWR","Revolver (Remastered)","https://i.scdn.co/image/af77b3742860d1d00509c22441bd65a470f74ada","1966-08-05",1966,69,"Tomorrow Never Knows - Remastered 2009","00oZhqZIQfL9P5CjOP6JsO",0.38,0.829,"F",-6.105,"major",0.0405,8.4e-05,0.00208,0.342,0.0534,125.887,179547,4,"F major",57
"1ntNLgaYCFCkeW4flGYlY2","Sgt. Peppers Lonely Hearts Club Band (Super Deluxe Edition)","https://i.scdn.co/image/b905c75ac912b6c83c251dcc40b29162c005093c","1967-05-26",1967,61,"Sgt. Pepper's Lonely Hearts Club Band - Remix","6JkioJZkImC4GRzgw5MGMO",0.36,0.858,"G",-6.353,"major",0.106,0.0308,0.0115,0.845,0.522,95.302,122133,4,"G major",51
"1ntNLgaYCFCkeW4flGYlY2","Sgt. Peppers Lonely Hearts Club Band (Super Deluxe Edition)","https://i.scdn.co/image/b905c75ac912b6c83c251dcc40b29162c005093c","1967-05-26",1967,61,"With A Little Help From My Friends - Remix","08XKCwMrwEAyyfTCTGkkhg",0.673,0.639,"C#",-6.673,"minor",0.0274,0.122,0,0.22,0.75,112.311,165293,4,"C# minor",47
"1ntNLgaYCFCkeW4flGYlY2","Sgt. Peppers Lonely Hearts Club Band (Super Deluxe Edition)","https://i.scdn.co/image/b905c75ac912b6c83c251dcc40b29162c005093c","1967-05-26",1967,61,"Lucy In The Sky With Diamonds - Remix","2iIRl5jf9beA2ExZWzn2nt",0.331,0.521,"B",-6.221,"minor",0.0379,0.101,0,0.154,0.432,132.537,207680,3,"B minor",49
"1ntNLgaYCFCkeW4flGYlY2","Sgt. Peppers Lonely Hearts Club Band (Super Deluxe Edition)","https://i.scdn.co/image/b905c75ac912b6c83c251dcc40b29162c005093c","1967-05-26",1967,61,"Getting Better - Remix","3jR8Xw0qPyGGv8bvFtNmDw",0.591,0.551,"C",-6.605,"major",0.0308,0.07,0,0.0942,0.81,121.949,167013,4,"C major",41
"1ntNLgaYCFCkeW4flGYlY2","Sgt. Peppers Lonely Hearts Club Band (Super Deluxe Edition)","https://i.scdn.co/image/b905c75ac912b6c83c251dcc40b29162c005093c","1967-05-26",1967,61,"Fixing A Hole - Remix","6a98mDyXTsYugJhUs1tZr4",0.415,0.665,"C",-6.853,"minor",0.0448,0.483,0,0.0663,0.523,112.618,157960,4,"C minor",39
"1ntNLgaYCFCkeW4flGYlY2","Sgt. Peppers Lonely Hearts Club Band (Super Deluxe Edition)","https://i.scdn.co/image/b905c75ac912b6c83c251dcc40b29162c005093c","1967-05-26",1967,61,"She's Leaving Home - Remix","4Ggjly9D6YlPfywZOViMaG",0.376,0.319,"C",-9.573,"major",0.031,0.881,0,0.124,0.217,132.105,205840,4,"C major",39
"1ntNLgaYCFCkeW4flGYlY2","Sgt. Peppers Lonely Hearts Club Band (Super Deluxe Edition)","https://i.scdn.co/image/b905c75ac912b6c83c251dcc40b29162c005093c","1967-05-26",1967,61,"Being For The Benefit Of Mr. Kite! - Remix","65mQIDMBEI6KsCPphwWKrK",0.247,0.752,"A",-4.966,"minor",0.0559,0.103,0,0.107,0.593,83.149,159200,1,"A minor",38
"1ntNLgaYCFCkeW4flGYlY2","Sgt. Peppers Lonely Hearts Club Band (Super Deluxe Edition)","https://i.scdn.co/image/b905c75ac912b6c83c251dcc40b29162c005093c","1967-05-26",1967,61,"Within You Without You - Remix","0kEDYd5bgOdo2yjTaXGMi4",0.291,0.551,"F#",-8.17,"major",0.0345,0.357,6.16e-05,0.239,0.373,125.07,307587,4,"F# major",37
"1ntNLgaYCFCkeW4flGYlY2","Sgt. Peppers Lonely Hearts Club Band (Super Deluxe Edition)","https://i.scdn.co/image/b905c75ac912b6c83c251dcc40b29162c005093c","1967-05-26",1967,61,"When I'm Sixty-Four - Remix","0AvygKcKeMyZlFmDzbqcYK",0.696,0.308,"G#",-8.956,"major",0.0557,0.508,0,0.142,0.564,138.425,160013,4,"G# major",40
"1ntNLgaYCFCkeW4flGYlY2","Sgt. Peppers Lonely Hearts Club Band (Super Deluxe Edition)","https://i.scdn.co/image/b905c75ac912b6c83c251dcc40b29162c005093c","1967-05-26",1967,61,"Lovely Rita - Remix","4gzLeEbCDmgK5XuhgXZt7x",0.578,0.687,"G#",-5.175,"major",0.0241,0.00726,0,0.0936,0.659,87.479,165800,4,"G# major",38
"1ntNLgaYCFCkeW4flGYlY2","Sgt. Peppers Lonely Hearts Club Band (Super Deluxe Edition)","https://i.scdn.co/image/b905c75ac912b6c83c251dcc40b29162c005093c","1967-05-26",1967,61,"Good Morning Good Morning - Remix","0ldihDAaEYrlk68C4oSewz",0.505,0.797,"D",-6.631,"major",0.0897,0.000302,0,0.484,0.825,121.624,154467,4,"D major",35
"1ntNLgaYCFCkeW4flGYlY2","Sgt. Peppers Lonely Hearts Club Band (Super Deluxe Edition)","https://i.scdn.co/image/b905c75ac912b6c83c251dcc40b29162c005093c","1967-05-26",1967,61,"Sgt. Pepper's Lonely Hearts Club Band (Reprise) - Remix","0SH68QO8BDQpxezIZE91Ba",0.576,0.951,"C",-5.03,"major",0.0521,0.000249,0.214,0.446,0.789,118.769,80600,4,"C major",37
"1ntNLgaYCFCkeW4flGYlY2","Sgt. Peppers Lonely Hearts Club Band (Super Deluxe Edition)","https://i.scdn.co/image/b905c75ac912b6c83c251dcc40b29162c005093c","1967-05-26",1967,61,"A Day In The Life - Remix","18qhv7DD1sEpgWffovGnhn",0.377,0.453,"E",-10.455,"minor",0.0462,0.268,0.000141,0.901,0.121,79.935,330907,4,"E minor",50
"1ntNLgaYCFCkeW4flGYlY2","Sgt. Peppers Lonely Hearts Club Band (Super Deluxe Edition)","https://i.scdn.co/image/b905c75ac912b6c83c251dcc40b29162c005093c","1967-05-26",1967,61,"Strawberry Fields Forever - Take 1","5jPBdSu6u9ZDpKFVseumIv",0.623,0.132,"C",-11.084,"major",0.0377,0.829,8.74e-05,0.193,0.181,96.261,159787,1,"C major",34
"1ntNLgaYCFCkeW4flGYlY2","Sgt. Peppers Lonely Hearts Club Band (Super Deluxe Edition)","https://i.scdn.co/image/b905c75ac912b6c83c251dcc40b29162c005093c","1967-05-26",1967,61,"Strawberry Fields Forever - Take 4","4FgtZpOWK3f03CZrKfUPNa",0.527,0.339,"A#",-12.166,"major",0.054,0.696,4.48e-06,0.139,0.314,90.754,180120,4,"A# major",32
"1ntNLgaYCFCkeW4flGYlY2","Sgt. Peppers Lonely Hearts Club Band (Super Deluxe Edition)","https://i.scdn.co/image/b905c75ac912b6c83c251dcc40b29162c005093c","1967-05-26",1967,61,"Strawberry Fields Forever - Take 7","2EiX1YuNGYn4AeMKwfrZdF",0.369,0.402,"A",-10.841,"minor",0.243,0.754,9.96e-05,0.115,0.346,178.787,196747,4,"A minor",33
"1ntNLgaYCFCkeW4flGYlY2","Sgt. Peppers Lonely Hearts Club Band (Super Deluxe Edition)","https://i.scdn.co/image/b905c75ac912b6c83c251dcc40b29162c005093c","1967-05-26",1967,61,"Strawberry Fields Forever - Take 26","7FtyTMUpyHr8sur6DLiTHD",0.448,0.855,"C",-6.197,"major",0.184,0.219,0.000455,0.34,0.342,110.792,198853,4,"C major",32
"1ntNLgaYCFCkeW4flGYlY2","Sgt. Peppers Lonely Hearts Club Band (Super Deluxe Edition)","https://i.scdn.co/image/b905c75ac912b6c83c251dcc40b29162c005093c","1967-05-26",1967,61,"Strawberry Fields Forever - Stereo Mix 2015","3Pqf09cdDlOYDNkrbw5l0p",0.413,0.722,"A#",-6.54,"major",0.273,0.385,0.000335,0.0994,0.228,97.965,249920,4,"A# major",36
"1ntNLgaYCFCkeW4flGYlY2","Sgt. Peppers Lonely Hearts Club Band (Super Deluxe Edition)","https://i.scdn.co/image/b905c75ac912b6c83c251dcc40b29162c005093c","1967-05-26",1967,61,"When I'm Sixty-Four - Take 2","7jREybynLwTN2T91oUWqyG",0.816,0.218,"G",-12.286,"major",0.159,0.32,0,0.0846,0.434,132.619,181160,4,"G major",31
"1ntNLgaYCFCkeW4flGYlY2","Sgt. Peppers Lonely Hearts Club Band (Super Deluxe Edition)","https://i.scdn.co/image/b905c75ac912b6c83c251dcc40b29162c005093c","1967-05-26",1967,61,"Penny Lane - Take 6 / Instrumental","2ac3duEVpfrlgx4FGoPvxA",0.901,0.548,"C",-6.808,"major",0.0996,0.667,0.837,0.161,0.135,120.775,175547,3,"C major",29
"2BtE7qm1qzM80p9vLSiXkj","Magical Mystery Tour (Remastered)","https://i.scdn.co/image/5285883c36ac02d3437a5af91924843629b489c3","1967-11-27",1967,68,"Magical Mystery Tour - Remastered 2009","0qHMhBZqYb99yhX9BHcIkV",0.297,0.613,"A",-9.065,"major",0.0931,0.0385,3.98e-05,0.0734,0.338,170.962,170107,4,"A major",53
"2BtE7qm1qzM80p9vLSiXkj","Magical Mystery Tour (Remastered)","https://i.scdn.co/image/5285883c36ac02d3437a5af91924843629b489c3","1967-11-27",1967,68,"The Fool On The Hill - Remastered 2009","6rHh8urosEFRI67xVa6fzU",0.356,0.26,"E",-10.577,"minor",0.0314,0.913,2.1e-06,0.105,0.49,144.184,179107,4,"E minor",57
"2BtE7qm1qzM80p9vLSiXkj","Magical Mystery Tour (Remastered)","https://i.scdn.co/image/5285883c36ac02d3437a5af91924843629b489c3","1967-11-27",1967,68,"Flying - Remastered 2009","1itLKsCWHtLnxALkgBk1Fa",0.551,0.395,"C",-14.755,"major",0.0501,0.368,0.88,0.0932,0.261,92.929,135520,4,"C major",51
"2BtE7qm1qzM80p9vLSiXkj","Magical Mystery Tour (Remastered)","https://i.scdn.co/image/5285883c36ac02d3437a5af91924843629b489c3","1967-11-27",1967,68,"Blue Jay Way - Remastered 2009","0QIX9BS0AUCQcHYvyrsMkV",0.294,0.407,"C",-11.575,"major",0.0308,0.0258,0.000219,0.0852,0.0378,101.052,235067,4,"C major",50
"2BtE7qm1qzM80p9vLSiXkj","Magical Mystery Tour (Remastered)","https://i.scdn.co/image/5285883c36ac02d3437a5af91924843629b489c3","1967-11-27",1967,68,"Your Mother Should Know - Remastered 2009","1dxbAIfCASqv6jix2R1Taj",0.698,0.293,"C",-11.361,"major",0.0332,0.784,0.0106,0.0936,0.724,117.613,148413,4,"C major",54
"2BtE7qm1qzM80p9vLSiXkj","Magical Mystery Tour (Remastered)","https://i.scdn.co/image/5285883c36ac02d3437a5af91924843629b489c3","1967-11-27",1967,68,"I Am The Walrus - Remastered 2009","6Pq9MmkDQYZiiCDpxnvrf6",0.401,0.556,"D",-10.532,"major",0.0513,0.0828,0.000359,0.589,0.654,85.206,275867,4,"D major",64
"2BtE7qm1qzM80p9vLSiXkj","Magical Mystery Tour (Remastered)","https://i.scdn.co/image/5285883c36ac02d3437a5af91924843629b489c3","1967-11-27",1967,68,"Hello, Goodbye - Remastered 2009","0vZ97gHhemKm6c64hTfJNA",0.479,0.733,"C",-8.753,"major",0.0256,0.306,2.4e-05,0.414,0.806,99.307,208840,4,"C major",64
"2BtE7qm1qzM80p9vLSiXkj","Magical Mystery Tour (Remastered)","https://i.scdn.co/image/5285883c36ac02d3437a5af91924843629b489c3","1967-11-27",1967,68,"Strawberry Fields Forever - Remastered 2009","3Am0IbOxmvlSXro7N5iSfZ",0.39,0.502,"A#",-12.277,"major",0.178,0.336,0.000138,0.0713,0.289,97.871,247320,4,"A# major",67
"2BtE7qm1qzM80p9vLSiXkj","Magical Mystery Tour (Remastered)","https://i.scdn.co/image/5285883c36ac02d3437a5af91924843629b489c3","1967-11-27",1967,68,"Penny Lane - Remastered 2009","1h04XMpzGzmAudoI6VHBgA",0.651,0.488,"A",-8.22,"major",0.0316,0.212,0.026,0.136,0.49,113.038,180893,4,"A major",55
"2BtE7qm1qzM80p9vLSiXkj","Magical Mystery Tour (Remastered)","https://i.scdn.co/image/5285883c36ac02d3437a5af91924843629b489c3","1967-11-27",1967,68,"Baby, You're A Rich Man - Remastered 2009","0JBvtprXP2Z0LP3jmzA7Xp",0.619,0.625,"G",-9.635,"major",0.036,0.0119,1.05e-06,0.152,0.467,96.751,181307,4,"G major",57
"2BtE7qm1qzM80p9vLSiXkj","Magical Mystery Tour (Remastered)","https://i.scdn.co/image/5285883c36ac02d3437a5af91924843629b489c3","1967-11-27",1967,68,"All You Need Is Love - Remastered 2009","68BTFws92cRztMS1oQ7Ewj",0.4,0.48,"G",-7.768,"major",0.0295,0.346,3.1e-05,0.155,0.653,103.436,230387,4,"G major",66
"1klALx0u4AavZNEvC4LrTL","The Beatles (Remastered)","https://i.scdn.co/image/5f45544c2bc9ffaf6710dbbf6be8df9630c4ba31","1968-11-22",1968,73,"Back In The U.S.S.R. - Remastered 2009","0j3p1p06deJ7f9xmJ9yG22",0.48,0.969,"A",-7.464,"major",0.0854,0.069,0.00022,0.0608,0.494,142.489,163453,4,"A major",62
"1klALx0u4AavZNEvC4LrTL","The Beatles (Remastered)","https://i.scdn.co/image/5f45544c2bc9ffaf6710dbbf6be8df9630c4ba31","1968-11-22",1968,73,"Dear Prudence - Remastered 2009","5NQYyej46WQkgCbnzGD21W",0.388,0.529,"G",-10.533,"major",0.0436,0.16,0.0681,0.108,0.332,150.721,235773,4,"G major",59
"1klALx0u4AavZNEvC4LrTL","The Beatles (Remastered)","https://i.scdn.co/image/5f45544c2bc9ffaf6710dbbf6be8df9630c4ba31","1968-11-22",1968,73,"Glass Onion - Remastered 2009","2jAojvUaPoHPFSPpF0UNRo",0.523,0.51,"G",-9.827,"minor",0.0514,0.0123,8.38e-05,0.108,0.789,120.432,137840,4,"G minor",54
"1klALx0u4AavZNEvC4LrTL","The Beatles (Remastered)","https://i.scdn.co/image/5f45544c2bc9ffaf6710dbbf6be8df9630c4ba31","1968-11-22",1968,73,"Ob-La-Di, Ob-La-Da - Remastered 2009","1gFNm7cXfG1vSMcxPpSxec",0.818,0.728,"A#",-8.331,"major",0.0314,0.232,0.0642,0.251,0.975,113.059,188960,4,"A# major",66
"1klALx0u4AavZNEvC4LrTL","The Beatles (Remastered)","https://i.scdn.co/image/5f45544c2bc9ffaf6710dbbf6be8df9630c4ba31","1968-11-22",1968,73,"Wild Honey Pie - Remastered 2009","6j67aNAPeQ31uw4qw4rpLa",0.792,0.763,"D",-11.185,"major",0.0506,0.425,0.627,0.789,0.152,89.9,52973,4,"D major",50
"1klALx0u4AavZNEvC4LrTL","The Beatles (Remastered)","https://i.scdn.co/image/5f45544c2bc9ffaf6710dbbf6be8df9630c4ba31","1968-11-22",1968,73,"The Continuing Story Of Bungalow Bill - Remastered 2009","5Z3Rd1fMcaty8g5Pn7yhBQ",0.621,0.459,"C",-10.414,"major",0.104,0.224,0,0.656,0.648,114.816,194160,4,"C major",51
"1klALx0u4AavZNEvC4LrTL","The Beatles (Remastered)","https://i.scdn.co/image/5f45544c2bc9ffaf6710dbbf6be8df9630c4ba31","1968-11-22",1968,73,"While My Guitar Gently Weeps - Remastered 2009","389QX9Q1eUOEZ19vtzzI9O",0.453,0.654,"E",-8.855,"minor",0.0317,0.0205,0.00395,0.172,0.702,115,285000,4,"E minor",68
"1klALx0u4AavZNEvC4LrTL","The Beatles (Remastered)","https://i.scdn.co/image/5f45544c2bc9ffaf6710dbbf6be8df9630c4ba31","1968-11-22",1968,73,"Happiness Is A Warm Gun - Remastered 2009","71LsKf3xISiOlY1mj7FFPP",0.431,0.54,"A",-9.6,"minor",0.0589,0.523,1.34e-06,0.169,0.44,139.288,164547,4,"A minor",58
"1klALx0u4AavZNEvC4LrTL","The Beatles (Remastered)","https://i.scdn.co/image/5f45544c2bc9ffaf6710dbbf6be8df9630c4ba31","1968-11-22",1968,73,"Martha My Dear - Remastered 2009","1swmf4hFMJYRNA8Rq9PVaW",0.472,0.292,"A#",-11.591,"major",0.0321,0.872,7e-04,0.128,0.824,177.624,148573,4,"A# major",55
"1klALx0u4AavZNEvC4LrTL","The Beatles (Remastered)","https://i.scdn.co/image/5f45544c2bc9ffaf6710dbbf6be8df9630c4ba31","1968-11-22",1968,73,"I'm So Tired - Remastered 2009","2X9H5BokS1u5O46YpNYNsZ",0.433,0.483,"A",-9.422,"major",0.175,0.656,2.64e-05,0.539,0.717,68.492,123493,4,"A major",55
"1klALx0u4AavZNEvC4LrTL","The Beatles (Remastered)","https://i.scdn.co/image/5f45544c2bc9ffaf6710dbbf6be8df9630c4ba31","1968-11-22",1968,73,"Blackbird - Remastered 2009","5jgFfDIR6FR0gvlA56Nakr",0.686,0.127,"G",-14.361,"major",0.0342,0.754,1.41e-05,0.0573,0.372,93.699,138387,4,"G major",72
"1klALx0u4AavZNEvC4LrTL","The Beatles (Remastered)","https://i.scdn.co/image/5f45544c2bc9ffaf6710dbbf6be8df9630c4ba31","1968-11-22",1968,73,"Piggies - Remastered 2009","4ZmjfLdJXbqjAENqk7eWSE",0.542,0.445,"G#",-9.105,"major",0.0303,0.643,0,0.516,0.52,93.245,124267,4,"G# major",51
"1klALx0u4AavZNEvC4LrTL","The Beatles (Remastered)","https://i.scdn.co/image/5f45544c2bc9ffaf6710dbbf6be8df9630c4ba31","1968-11-22",1968,73,"Rocky Raccoon - Remastered 2009","1ITQbrueGLl581a25XXm9c",0.599,0.363,"G",-11.728,"major",0.0315,0.333,0,0.243,0.648,79.456,213107,4,"G major",57
"1klALx0u4AavZNEvC4LrTL","The Beatles (Remastered)","https://i.scdn.co/image/5f45544c2bc9ffaf6710dbbf6be8df9630c4ba31","1968-11-22",1968,73,"Don't Pass Me By - Remastered 2009","4zq4rrfHZeZsTbo5vjJXSV",0.599,0.537,"C",-9.617,"major",0.0254,0.594,1.92e-05,0.194,0.946,84.895,230453,4,"C major",51
"1klALx0u4AavZNEvC4LrTL","The Beatles (Remastered)","https://i.scdn.co/image/5f45544c2bc9ffaf6710dbbf6be8df9630c4ba31","1968-11-22",1968,73,"Why Don't We Do It In The Road? - Remastered 2009","4eLIq1nQNwz2qLu8DeiWIp",0.589,0.522,"D",-8.718,"major",0.0521,0.53,0.000243,0.0993,0.957,187.688,101160,4,"D major",52
"1klALx0u4AavZNEvC4LrTL","The Beatles (Remastered)","https://i.scdn.co/image/5f45544c2bc9ffaf6710dbbf6be8df9630c4ba31","1968-11-22",1968,73,"I Will - Remastered 2009","09x9v1o51dbqi5H0u7UGfp",0.631,0.387,"F",-11.529,"major",0.0262,0.742,0.000406,0.0822,0.832,103.11,105933,4,"F major",58
"1klALx0u4AavZNEvC4LrTL","The Beatles (Remastered)","https://i.scdn.co/image/5f45544c2bc9ffaf6710dbbf6be8df9630c4ba31","1968-11-22",1968,73,"Julia - Remastered 2009","5FnpXVgDOk2sLT58qM22Of",0.512,0.0953,"D",-16.082,"major",0.0304,0.828,0.000268,0.117,0.193,134.706,176667,4,"D major",57
"1klALx0u4AavZNEvC4LrTL","The Beatles (Remastered)","https://i.scdn.co/image/5f45544c2bc9ffaf6710dbbf6be8df9630c4ba31","1968-11-22",1968,73,"Birthday - Remastered 2009","1ABegtCPBMMJaMpfDyATjE",0.541,0.727,"D",-7.509,"major",0.0384,7.37e-05,0.717,0.232,0.91,139.239,163080,4,"D major",52
"1klALx0u4AavZNEvC4LrTL","The Beatles (Remastered)","https://i.scdn.co/image/5f45544c2bc9ffaf6710dbbf6be8df9630c4ba31","1968-11-22",1968,73,"Yer Blues - Remastered 2009","2AsGApoUuN8pTM17Lq9eUd",0.327,0.525,"A",-10.272,"major",0.0475,0.000875,0.259,0.133,0.435,151.766,240453,3,"A major",51
"1klALx0u4AavZNEvC4LrTL","The Beatles (Remastered)","https://i.scdn.co/image/5f45544c2bc9ffaf6710dbbf6be8df9630c4ba31","1968-11-22",1968,73,"Mother Nature's Son - Remastered 2009","6TjUg1cTUzWHbal6yQAi7c",0.608,0.178,"D",-17.109,"major",0.0264,0.634,0.352,0.166,0.401,84.78,168027,4,"D major",53
"1gKZ5A1ndFqbcrWtW85cCy","Yellow Submarine (Remastered)","https://i.scdn.co/image/71e588f98fe82cd10ee71a6909f03bc0761ba1d9","1969-01-17",1969,52,"Yellow Submarine - Remastered 2009","3oEo8Pqm5IAi8wQfCI5BpR",0.605,0.536,"C#",-10.069,"major",0.0421,0.518,0,0.528,0.688,110.849,159720,4,"C# major",50
"1gKZ5A1ndFqbcrWtW85cCy","Yellow Submarine (Remastered)","https://i.scdn.co/image/71e588f98fe82cd10ee71a6909f03bc0761ba1d9","1969-01-17",1969,52,"Only A Northern Song - Remastered 2009","4phXWLTSlC1BEogSWhJMDD",0.175,0.731,"A",-8.341,"major",0.0705,0.000341,0.000751,0.0846,0.801,209.242,204493,4,"A major",43
"1gKZ5A1ndFqbcrWtW85cCy","Yellow Submarine (Remastered)","https://i.scdn.co/image/71e588f98fe82cd10ee71a6909f03bc0761ba1d9","1969-01-17",1969,52,"All Together Now - Remastered 2009","2ck8lFrYAch2GPtdhpTHe3",0.587,0.431,"D",-9.495,"major",0.0686,0.0722,0,0.561,0.778,95.937,130893,4,"D major",47
"1gKZ5A1ndFqbcrWtW85cCy","Yellow Submarine (Remastered)","https://i.scdn.co/image/71e588f98fe82cd10ee71a6909f03bc0761ba1d9","1969-01-17",1969,52,"Hey Bulldog - Remastered 2009","5xYC2ZJJ9TMJL8BOl85O2R",0.587,0.617,"G",-9.164,"major",0.028,0.0197,0.639,0.199,0.947,100.495,191307,4,"G major",52
"1gKZ5A1ndFqbcrWtW85cCy","Yellow Submarine (Remastered)","https://i.scdn.co/image/71e588f98fe82cd10ee71a6909f03bc0761ba1d9","1969-01-17",1969,52,"It's All Too Much - Remastered 2009","2bQZ9BBhP7vSBiyDz7KXnv",0.39,0.781,"G",-7.878,"major",0.0364,4.3e-05,0.412,0.1,0.199,113.511,385013,4,"G major",43
"1gKZ5A1ndFqbcrWtW85cCy","Yellow Submarine (Remastered)","https://i.scdn.co/image/71e588f98fe82cd10ee71a6909f03bc0761ba1d9","1969-01-17",1969,52,"All You Need Is Love - Remastered 2009","2Z8cY4QpZTFUZxCQCpvNe1",0.4,0.463,"G",-8.455,"major",0.0288,0.345,4.59e-05,0.286,0.627,103.103,231213,4,"G major",45
"1gKZ5A1ndFqbcrWtW85cCy","Yellow Submarine (Remastered)","https://i.scdn.co/image/71e588f98fe82cd10ee71a6909f03bc0761ba1d9","1969-01-17",1969,52,"Pepperland - Remastered 2009","1y8kq7M3tBw4zAttsZMya8",0.354,0.281,"G",-12.434,"major",0.032,0.661,0.763,0.243,0.367,113.126,140733,4,"G major",39
"1gKZ5A1ndFqbcrWtW85cCy","Yellow Submarine (Remastered)","https://i.scdn.co/image/71e588f98fe82cd10ee71a6909f03bc0761ba1d9","1969-01-17",1969,52,"Sea Of Time - Remastered 2009","6FvhNdlAom6yYHa8ekAaAM",0.237,0.096,"D",-20.629,"minor",0.0387,0.971,0.0961,0.203,0.0629,128.054,180213,4,"D minor",36
"1gKZ5A1ndFqbcrWtW85cCy","Yellow Submarine (Remastered)","https://i.scdn.co/image/71e588f98fe82cd10ee71a6909f03bc0761ba1d9","1969-01-17",1969,52,"Sea Of Holes - Remastered 2009","6n42oei7aEx2I0dcluKAGx",0.249,0.0994,"F#",-19.266,"minor",0.04,0.959,0.926,0.454,0.0357,118.99,136693,3,"F# minor",34
"1gKZ5A1ndFqbcrWtW85cCy","Yellow Submarine (Remastered)","https://i.scdn.co/image/71e588f98fe82cd10ee71a6909f03bc0761ba1d9","1969-01-17",1969,52,"Sea Of Monsters - Remastered 2009","30u8QyT0kBSYO5RcZmaLl3",0.253,0.166,"A",-16.624,"major",0.0346,0.945,0.862,0.135,0.0489,83.971,216693,3,"A major",34
"1gKZ5A1ndFqbcrWtW85cCy","Yellow Submarine (Remastered)","https://i.scdn.co/image/71e588f98fe82cd10ee71a6909f03bc0761ba1d9","1969-01-17",1969,52,"March Of The Meanies - Remastered 2009","7zJKIrxcH2jY4TOqpvoLvH",0.538,0.378,"A",-14.117,"minor",0.0387,0.934,0.758,0.456,0.16,117.185,139360,4,"A minor",33
"1gKZ5A1ndFqbcrWtW85cCy","Yellow Submarine (Remastered)","https://i.scdn.co/image/71e588f98fe82cd10ee71a6909f03bc0761ba1d9","1969-01-17",1969,52,"Pepperland Laid Waste - Remastered 2009","0rHHNFcUgB0zlzCk4MVluw",0.269,0.0902,"G#",-23.018,"minor",0.042,0.877,0.821,0.302,0.0462,82.423,132773,4,"G# minor",33
"1gKZ5A1ndFqbcrWtW85cCy","Yellow Submarine (Remastered)","https://i.scdn.co/image/71e588f98fe82cd10ee71a6909f03bc0761ba1d9","1969-01-17",1969,52,"Yellow Submarine In Pepperland - Remastered 2009","7ExawMDcRz2lMgNEjjYzdr",0.406,0.219,"G",-13.155,"major",0.0359,0.808,0.599,0.15,0.271,105.345,134027,4,"G major",39
"0ETFjACtuP2ADo6LFhL6HN","Abbey Road (Remastered)","https://i.scdn.co/image/a70b5fec5600e974f58259c5639f6b20f517dd5f","1969-09-26",1969,78,"Come Together - Remastered 2009","2EqlS6tkEnglzr7tkKAAYD",0.533,0.376,"A",-11.913,"minor",0.0393,0.0302,0.248,0.0926,0.187,165.007,259947,4,"A minor",78
"0ETFjACtuP2ADo6LFhL6HN","Abbey Road (Remastered)","https://i.scdn.co/image/a70b5fec5600e974f58259c5639f6b20f517dd5f","1969-09-26",1969,78,"Something - Remastered 2009","0pNeVovbiZHkulpGeOx1Gj",0.396,0.338,"C",-10.872,"major",0.0304,0.198,2.62e-06,0.138,0.377,133.522,182293,4,"C major",70
"0ETFjACtuP2ADo6LFhL6HN","Abbey Road (Remastered)","https://i.scdn.co/image/a70b5fec5600e974f58259c5639f6b20f517dd5f","1969-09-26",1969,78,"Maxwell's Silver Hammer - Remastered 2009","2S8xyNRJX1XQdo3qnTuovI",0.764,0.426,"D",-11.045,"major",0.0405,0.629,0.000119,0.132,0.726,131.12,207920,4,"D major",59
"0ETFjACtuP2ADo6LFhL6HN","Abbey Road (Remastered)","https://i.scdn.co/image/a70b5fec5600e974f58259c5639f6b20f517dd5f","1969-09-26",1969,78,"Oh! Darling - Remastered 2009","2mxByJWOajjiVsLWjNXvDJ",0.422,0.656,"E",-8.412,"major",0.0397,0.0126,0.0279,0.268,0.549,173.93,207240,3,"E major",65
"0ETFjACtuP2ADo6LFhL6HN","Abbey Road (Remastered)","https://i.scdn.co/image/a70b5fec5600e974f58259c5639f6b20f517dd5f","1969-09-26",1969,78,"Octopus's Garden - Remastered 2009","0suLngfo7rJoetk7Ub6N8l",0.626,0.512,"C#",-9.15,"minor",0.0247,0.155,4.65e-05,0.215,0.73,92.225,170720,4,"C# minor",61
"0ETFjACtuP2ADo6LFhL6HN","Abbey Road (Remastered)","https://i.scdn.co/image/a70b5fec5600e974f58259c5639f6b20f517dd5f","1969-09-26",1969,78,"I Want You (She's So Heavy) - Remastered 2009","3Z25k4ZF6QENy2d9YatsM5",0.37,0.515,"D",-9.487,"minor",0.0321,0.0233,0.205,0.0966,0.42,115.732,467320,4,"D minor",61
"0ETFjACtuP2ADo6LFhL6HN","Abbey Road (Remastered)","https://i.scdn.co/image/a70b5fec5600e974f58259c5639f6b20f517dd5f","1969-09-26",1969,78,"Here Comes The Sun - Remastered 2009","6dGnYIeXmHdcikdzNNDMm2",0.557,0.54,"A",-10.484,"major",0.0347,0.0339,0.00248,0.179,0.394,129.171,185733,4,"A major",82
"0ETFjACtuP2ADo6LFhL6HN","Abbey Road (Remastered)","https://i.scdn.co/image/a70b5fec5600e974f58259c5639f6b20f517dd5f","1969-09-26",1969,78,"Because - Remastered 2009","1rxoyGj1QuPoVi8fOft1Kt",0.328,0.249,"D",-11.777,"major",0.0272,0.754,5.77e-06,0.134,0.162,81.257,165667,4,"D major",59
"0ETFjACtuP2ADo6LFhL6HN","Abbey Road (Remastered)","https://i.scdn.co/image/a70b5fec5600e974f58259c5639f6b20f517dd5f","1969-09-26",1969,78,"You Never Give Me Your Money - Remastered 2009","1jOLTO379yIu9aMnCkpMQl",0.335,0.416,"C",-11.051,"major",0.0348,0.345,0.136,0.116,0.223,174.464,242973,3,"C major",59
"0ETFjACtuP2ADo6LFhL6HN","Abbey Road (Remastered)","https://i.scdn.co/image/a70b5fec5600e974f58259c5639f6b20f517dd5f","1969-09-26",1969,78,"Sun King - Remastered 2009","4nwKdZID1ht0lDBJ5h2p87",0.483,0.177,"D",-17.629,"major",0.0277,0.284,0.499,0.116,0.192,74.994,146267,4,"D major",57
"0ETFjACtuP2ADo6LFhL6HN","Abbey Road (Remastered)","https://i.scdn.co/image/a70b5fec5600e974f58259c5639f6b20f517dd5f","1969-09-26",1969,78,"Mean Mr Mustard - Remastered 2009","4JOyMhad5dD81uGYLGgKrS",0.676,0.596,"E",-9.107,"major",0.0272,0.0699,1.96e-05,0.351,0.97,100.687,66533,4,"E major",56
"0ETFjACtuP2ADo6LFhL6HN","Abbey Road (Remastered)","https://i.scdn.co/image/a70b5fec5600e974f58259c5639f6b20f517dd5f","1969-09-26",1969,78,"Polythene Pam - Remastered 2009","1FTCA6wQwulQFokDddKE68",0.474,0.939,"B",-8.884,"minor",0.199,0.00472,0.674,0.19,0.499,166.829,72640,4,"B minor",55
"0ETFjACtuP2ADo6LFhL6HN","Abbey Road (Remastered)","https://i.scdn.co/image/a70b5fec5600e974f58259c5639f6b20f517dd5f","1969-09-26",1969,78,"She Came In Through The Bathroom Window - Remastered 2009","2jtUGFsqanQ82zqDlhiKIp",0.53,0.72,"D",-8.793,"major",0.0338,0.00376,3.38e-05,0.314,0.69,80.652,118627,4,"D major",57
"0ETFjACtuP2ADo6LFhL6HN","Abbey Road (Remastered)","https://i.scdn.co/image/a70b5fec5600e974f58259c5639f6b20f517dd5f","1969-09-26",1969,78,"Golden Slumbers - Remastered 2009","01SfTM5nfCou5gQL70r6gs",0.419,0.152,"C",-12.126,"major",0.0277,0.326,0.0034,0.113,0.239,80.608,91760,4,"C major",63
"0ETFjACtuP2ADo6LFhL6HN","Abbey Road (Remastered)","https://i.scdn.co/image/a70b5fec5600e974f58259c5639f6b20f517dd5f","1969-09-26",1969,78,"Carry That Weight - Remastered 2009","5eZrW59C3UgBhkqNlowEID",0.543,0.458,"C",-8.976,"major",0.0274,0.226,0.00663,0.298,0.704,84.319,96467,4,"C major",58
"0ETFjACtuP2ADo6LFhL6HN","Abbey Road (Remastered)","https://i.scdn.co/image/a70b5fec5600e974f58259c5639f6b20f517dd5f","1969-09-26",1969,78,"The End - Remastered 2009","5aHHf6jrqDRb1fcBmue2kn",0.647,0.487,"B",-10.119,"minor",0.0689,0.00101,0.285,0.138,0.222,123.444,141613,1,"B minor",57
"0ETFjACtuP2ADo6LFhL6HN","Abbey Road (Remastered)","https://i.scdn.co/image/a70b5fec5600e974f58259c5639f6b20f517dd5f","1969-09-26",1969,78,"Her Majesty - Remastered 2009","6UCFZ9ZOFRxK8oak7MdPZu",0.703,0.215,"D",-23.03,"major",0.0892,0.728,1.23e-06,0.13,0.522,100.874,25987,3,"D major",23
"0jTGHV5xqHPvEcwL8f6YU5","Let It Be (Remastered)","https://i.scdn.co/image/920142fb308970e28aade4a288041a4d1b8f9519","1970-05-08",1970,72,"Two Of Us - Remastered 2009","0CaBBQsaAiRHhiLmzi7ZRp",0.726,0.702,"G",-10.757,"major",0.032,0.0974,3.46e-05,0.239,0.931,109.114,216813,4,"G major",54
"0jTGHV5xqHPvEcwL8f6YU5","Let It Be (Remastered)","https://i.scdn.co/image/920142fb308970e28aade4a288041a4d1b8f9519","1970-05-08",1970,72,"Dig A Pony - Remastered 2009","4OUmlC67FoPLvQNuE5C7kF",0.538,0.478,"B",-8.957,"minor",0.0388,0.472,0,0.17,0.527,59.004,235000,4,"B minor",51
"0jTGHV5xqHPvEcwL8f6YU5","Let It Be (Remastered)","https://i.scdn.co/image/920142fb308970e28aade4a288041a4d1b8f9519","1970-05-08",1970,72,"Across The Universe - Remastered 2009","4dkoqJrP0L8FXftrMZongF",0.257,0.412,"C#",-11.788,"major",0.0287,0.361,8.68e-05,0.0702,0.858,152.126,228133,4,"C# major",65
"0jTGHV5xqHPvEcwL8f6YU5","Let It Be (Remastered)","https://i.scdn.co/image/920142fb308970e28aade4a288041a4d1b8f9519","1970-05-08",1970,72,"I Me Mine - Remastered 2009","2BMqay80iBzZTa608Y1eG1",0.291,0.638,"A",-7.854,"minor",0.0554,0.179,0,0.101,0.525,185.235,145587,3,"A minor",52
"0jTGHV5xqHPvEcwL8f6YU5","Let It Be (Remastered)","https://i.scdn.co/image/920142fb308970e28aade4a288041a4d1b8f9519","1970-05-08",1970,72,"Dig It - Remastered 2009","0eRyOunOVBChlXxIvqwOxH",0.54,0.489,"F",-12.276,"major",0.117,0.659,0.0019,0.457,0.67,157.03,50467,3,"F major",47
"0jTGHV5xqHPvEcwL8f6YU5","Let It Be (Remastered)","https://i.scdn.co/image/920142fb308970e28aade4a288041a4d1b8f9519","1970-05-08",1970,72,"Let It Be - Remastered 2009","7iN1s7xHE4ifF5povM6A48",0.443,0.403,"C",-8.339,"major",0.0322,0.631,0,0.111,0.41,143.462,243027,4,"C major",79
"0jTGHV5xqHPvEcwL8f6YU5","Let It Be (Remastered)","https://i.scdn.co/image/920142fb308970e28aade4a288041a4d1b8f9519","1970-05-08",1970,72,"Maggie Mae - Remastered 2009","2VsX1BoWSGiuVXGiFSUr6h",0.516,0.515,"D",-12.035,"minor",0.215,0.379,0,0.103,0.524,169.039,40040,4,"D minor",48
"0jTGHV5xqHPvEcwL8f6YU5","Let It Be (Remastered)","https://i.scdn.co/image/920142fb308970e28aade4a288041a4d1b8f9519","1970-05-08",1970,72,"I've Got A Feeling - Remastered 2009","3gwRWIbr5ycEVLIAXrWaw7",0.44,0.609,"D",-8.824,"major",0.0358,0.0715,0,0.582,0.364,165.156,217560,4,"D major",54
"0jTGHV5xqHPvEcwL8f6YU5","Let It Be (Remastered)","https://i.scdn.co/image/920142fb308970e28aade4a288041a4d1b8f9519","1970-05-08",1970,72,"One After 909 - Remastered 2009","50qHmeex1nPTyQTwBXjSE4",0.554,0.828,"E",-6.435,"major",0.0739,0.0307,0,0.907,0.888,90.95,173960,4,"E major",48
"0jTGHV5xqHPvEcwL8f6YU5","Let It Be (Remastered)","https://i.scdn.co/image/920142fb308970e28aade4a288041a4d1b8f9519","1970-05-08",1970,72,"The Long And Winding Road - Remastered 2009","3mlMpmY8oZIBFc39D9zLbh",0.299,0.329,"D#",-10.096,"major",0.0279,0.756,0.0105,0.0559,0.392,132.282,218187,4,"D# major",60
"0jTGHV5xqHPvEcwL8f6YU5","Let It Be (Remastered)","https://i.scdn.co/image/920142fb308970e28aade4a288041a4d1b8f9519","1970-05-08",1970,72,"For You Blue - Remastered 2009","5dpRJkvY8oWMQmQbEQTXhO",0.88,0.556,"D",-10.773,"major",0.0855,0.24,0.0483,0.24,0.955,128.542,152213,4,"D major",49
"0jTGHV5xqHPvEcwL8f6YU5","Let It Be (Remastered)","https://i.scdn.co/image/920142fb308970e28aade4a288041a4d1b8f9519","1970-05-08",1970,72,"Get Back - Remastered 2009","4MLBqAEzNN89o2M9h92Z26",0.761,0.592,"D",-9.836,"major",0.0586,0.492,0.00626,0.61,0.332,123.095,189387,4,"D major",64
